MovieID,Title,Genre,Rating,Reviews
1,Shadows Within 2,Fantasy,1.5,9389
2,Lunar Legacy 8,Horror,1.6,4470
3,Forgotten Realms 9,Animation,4.5,7772
4,Phantom Truth 2,Horror,1.4,5743
5,Eternal Echoes 7,Documentary,4.8,9699
6,Ocean's Whisper 2,Mystery,4.0,2887
7,Silent Storm 2,Romance,2.6,7794
8,Midnight Mirage 4,Horror,4.5,2331
9,Midnight Mirage 4,Comedy,1.5,6907
10,Silent Storm 7,Animation,2.9,9098
11,Twilight Veil 1,Thriller,2.1,2774
12,Forgotten Realms 3,Horror,3.0,7210
13,Twilight Veil 10,Documentary,2.8,1757
14,Wanderlust 6,Drama,2.6,3826
15,Urban Legends 3,Horror,1.6,9275
16,Crimson Horizon 7,Documentary,4.9,6135
17,Neon Nights 3,Sci-Fi,2.2,2078
18,Eternal Echoes 8,Horror,4.4,6672
19,Wanderlust 7,Action,4.8,9602
20,Neon Nights 10,Thriller,1.3,1038
21,Forgotten Realms 4,Action,2.7,3447
22,Shadows Within 6,Drama,4.2,2318
23,Ocean's Whisper 10,Documentary,1.9,2286
24,Ocean's Whisper 1,Mystery,3.6,8234
25,Twilight Veil 5,Drama,2.0,268
26,Timebound 1,Fantasy,1.0,425
27,Wanderlust 3,Action,2.4,2354
28,Lunar Legacy 1,Sci-Fi,4.9,2752
29,Phantom Truth 4,Thriller,3.7,7504
30,Eternal Echoes 6,Animation,3.2,8546
31,Broken Circuit 7,Action,5.0,7408
32,Urban Legends 7,Romance,2.2,6432
33,Urban Legends 5,Action,5.0,2724
34,Wanderlust 10,Fantasy,2.4,2923
35,Wanderlust 2,Comedy,4.5,4123
36,Eternal Echoes 1,Horror,1.2,9051
37,Urban Legends 7,Horror,4.0,9256
38,Eternal Echoes 6,Thriller,4.1,8650
39,Shadows Within 10,Romance,2.8,4424
40,Forgotten Realms 9,Thriller,1.2,453
41,Forgotten Realms 2,Romance,2.2,8451
42,Shadows Within 1,Documentary,3.3,2869
43,Timebound 9,Action,1.6,9546
44,Crimson Horizon 2,Sci-Fi,2.7,5695
45,Phantom Truth 1,Horror,3.4,2594
46,Neon Nights 10,Sci-Fi,4.8,5735
47,Neon Nights 2,Romance,3.1,97
48,Phantom Truth 8,Documentary,4.4,2783
49,Midnight Mirage 4,Fantasy,2.3,7541
50,Neon Nights 8,Horror,2.0,4055
51,Broken Circuit 8,Drama,2.9,7491
52,Midnight Mirage 1,Mystery,3.1,7157
53,Twilight Veil 5,Thriller,4.4,7823
54,Urban Legends 5,Animation,3.2,1276
55,Twilight Veil 9,Action,1.2,2343
56,Crimson Horizon 2,Romance,4.1,8794
57,Timebound 6,Documentary,4.4,5913
58,Silent Storm 9,Drama,3.0,6405
59,Timebound 2,Drama,1.1,1372
60,Urban Legends 9,Action,3.1,6468
61,Silent Storm 8,Drama,4.9,4765
62,Ocean's Whisper 9,Thriller,4.2,773
63,Broken Circuit 1,Mystery,3.9,7787
64,Timebound 3,Documentary,3.7,3384
65,Midnight Mirage 7,Fantasy,4.4,3874
66,Timebound 10,Documentary,5.0,6736
67,Forgotten Realms 9,Mystery,4.5,6593
68,Silent Storm 2,Mystery,1.2,8757
69,Midnight Mirage 5,Animation,2.6,4321
70,Broken Circuit 8,Documentary,4.0,3300
71,Twilight Veil 9,Horror,4.9,5441
72,Neon Nights 10,Drama,3.7,760
73,Shadows Within 5,Documentary,2.8,7273
74,Shadows Within 7,Sci-Fi,1.3,1734
75,Urban Legends 8,Romance,3.8,1616
76,Silent Storm 4,Drama,1.5,2250
77,Ocean's Whisper 7,Horror,1.8,1759
78,Forgotten Realms 2,Horror,3.2,3363
79,Lunar Legacy 9,Action,1.7,883
80,Forgotten Realms 1,Romance,4.0,5648
81,Silent Storm 2,Thriller,2.5,8053
82,Urban Legends 9,Drama,4.6,4099
83,Forgotten Realms 9,Comedy,2.1,6260
84,Phantom Truth 9,Fantasy,4.1,4967
85,Wanderlust 4,Thriller,3.4,8544
86,Eternal Echoes 2,Thriller,4.2,3429
87,Neon Nights 1,Fantasy,1.0,6019
88,Wanderlust 5,Animation,4.9,7401
89,Broken Circuit 9,Animation,1.7,8527
90,Ocean's Whisper 3,Action,3.5,7136
91,Midnight Mirage 7,Documentary,4.8,9502
92,Twilight Veil 1,Thriller,2.9,4357
93,Urban Legends 4,Thriller,4.1,1214
94,Silent Storm 4,Horror,2.9,148
95,Broken Circuit 8,Horror,2.1,4079
96,Wanderlust 7,Action,4.0,4577
97,Urban Legends 8,Action,4.2,5622
98,Urban Legends 1,Animation,1.8,374
99,Phantom Truth 10,Fantasy,3.0,4991
100,Shadows Within 9,Thriller,4.6,6712
101,Neon Nights 1,Action,2.6,3043
102,Shadows Within 7,Thriller,2.7,7707
103,Neon Nights 10,Mystery,4.6,8021
104,Timebound 9,Romance,3.6,6713
105,Lunar Legacy 2,Horror,3.3,6648
106,Timebound 5,Thriller,1.7,9714
107,Neon Nights 2,Romance,4.7,6613
108,Neon Nights 1,Documentary,1.3,614
109,Phantom Truth 5,Horror,4.3,7096
110,Silent Storm 6,Romance,2.7,7862
111,Timebound 3,Drama,4.7,2405
112,Ocean's Whisper 3,Drama,2.5,7102
113,Broken Circuit 10,Documentary,1.9,2480
114,Twilight Veil 7,Romance,1.7,3285
115,Lunar Legacy 7,Horror,1.0,8666
116,Neon Nights 6,Romance,3.9,6045
117,Wanderlust 2,Horror,2.0,6035
118,Wanderlust 1,Animation,3.9,3486
119,Silent Storm 5,Animation,2.6,653
120,Wanderlust 9,Action,2.8,9690
121,Timebound 5,Thriller,3.9,784
122,Wanderlust 6,Thriller,2.6,8222
123,Ocean's Whisper 6,Thriller,2.6,1698
124,Forgotten Realms 8,Action,4.4,9454
125,Lunar Legacy 5,Drama,1.9,242
126,Broken Circuit 10,Animation,4.0,728
127,Shadows Within 10,Documentary,2.4,2087
128,Crimson Horizon 1,Sci-Fi,3.4,5977
129,Timebound 7,Mystery,3.8,6897
130,Wanderlust 3,Action,2.8,9544
131,Forgotten Realms 10,Drama,4.5,453
132,Eternal Echoes 3,Horror,3.3,1390
133,Timebound 9,Documentary,1.6,3031
134,Midnight Mirage 2,Sci-Fi,3.2,7144
135,Ocean's Whisper 3,Romance,1.7,4793
136,Silent Storm 9,Documentary,2.3,6794
137,Broken Circuit 4,Comedy,1.6,3945
138,Lunar Legacy 10,Fantasy,4.0,4241
139,Timebound 9,Sci-Fi,4.3,402
140,Crimson Horizon 10,Animation,4.9,4563
141,Forgotten Realms 10,Sci-Fi,2.2,6265
142,Eternal Echoes 1,Sci-Fi,3.8,5250
143,Forgotten Realms 6,Action,3.5,2775
144,Shadows Within 8,Action,1.0,7357
145,Neon Nights 6,Fantasy,4.2,3032
146,Shadows Within 1,Thriller,1.4,8639
147,Eternal Echoes 4,Sci-Fi,3.7,3129
148,Crimson Horizon 2,Drama,2.4,7903
149,Twilight Veil 5,Mystery,2.0,724
150,Crimson Horizon 5,Sci-Fi,3.6,5536
151,Lunar Legacy 4,Drama,4.3,8052
152,Timebound 5,Romance,4.4,8443
153,Eternal Echoes 10,Horror,2.3,4861
154,Shadows Within 6,Documentary,1.6,9780
155,Silent Storm 8,Romance,3.1,3776
156,Timebound 9,Action,1.1,3228
157,Forgotten Realms 7,Mystery,1.9,1814
158,Wanderlust 7,Fantasy,4.7,8466
159,Eternal Echoes 5,Mystery,1.5,8395
160,Timebound 9,Drama,2.1,6401
161,Wanderlust 3,Mystery,3.3,2230
162,Silent Storm 6,Action,3.7,1189
163,Eternal Echoes 9,Thriller,4.8,1218
164,Neon Nights 4,Horror,1.5,426
165,Silent Storm 3,Animation,2.4,829
166,Phantom Truth 7,Animation,2.2,7760
167,Urban Legends 2,Comedy,4.9,4634
168,Broken Circuit 6,Sci-Fi,3.2,9849
169,Midnight Mirage 7,Mystery,2.5,2722
170,Shadows Within 9,Fantasy,1.1,2854
171,Broken Circuit 4,Romance,3.7,9091
172,Eternal Echoes 1,Fantasy,3.7,6676
173,Phantom Truth 7,Mystery,1.1,8567
174,Lunar Legacy 8,Horror,2.6,712
175,Phantom Truth 3,Sci-Fi,1.1,1831
176,Shadows Within 1,Romance,1.7,1085
177,Crimson Horizon 10,Romance,1.0,2692
178,Neon Nights 5,Thriller,1.1,4666
179,Midnight Mirage 9,Romance,4.4,559
180,Crimson Horizon 2,Fantasy,1.5,9268
181,Twilight Veil 2,Documentary,1.1,1565
182,Forgotten Realms 9,Animation,1.6,493
183,Broken Circuit 6,Fantasy,1.4,7239
184,Forgotten Realms 10,Documentary,1.8,4247
185,Silent Storm 5,Action,2.6,8687
186,Wanderlust 10,Horror,1.4,3999
187,Wanderlust 2,Horror,3.7,6575
188,Crimson Horizon 10,Horror,1.3,4484
189,Timebound 1,Comedy,4.9,7043
190,Neon Nights 2,Documentary,4.8,2482
191,Phantom Truth 10,Thriller,4.0,442
192,Broken Circuit 10,Comedy,3.8,9759
193,Shadows Within 8,Romance,3.5,113
194,Wanderlust 5,Fantasy,4.3,4569
195,Broken Circuit 9,Animation,1.9,3083
196,Eternal Echoes 2,Thriller,2.4,127
197,Shadows Within 4,Animation,2.9,4780
198,Urban Legends 6,Animation,3.0,8366
199,Broken Circuit 6,Mystery,2.9,2134
200,Forgotten Realms 4,Action,4.1,2732
201,Lunar Legacy 10,Fantasy,2.7,9243
202,Eternal Echoes 7,Documentary,1.4,5881
203,Twilight Veil 4,Sci-Fi,3.3,2287
204,Broken Circuit 8,Action,1.2,3150
205,Silent Storm 9,Sci-Fi,1.1,7232
206,Forgotten Realms 4,Comedy,2.6,9368
207,Wanderlust 9,Comedy,4.3,7495
208,Silent Storm 5,Horror,4.8,8575
209,Shadows Within 10,Drama,3.3,4236
210,Broken Circuit 10,Romance,1.8,3923
211,Timebound 6,Comedy,1.6,3979
212,Timebound 3,Drama,4.4,2211
213,Broken Circuit 1,Fantasy,2.5,3848
214,Broken Circuit 10,Documentary,4.2,2606
215,Eternal Echoes 5,Animation,2.7,912
216,Broken Circuit 9,Documentary,1.2,305
217,Timebound 7,Mystery,2.7,9854
218,Shadows Within 5,Comedy,3.2,1542
219,Timebound 8,Comedy,2.6,8250
220,Neon Nights 7,Romance,2.2,9088
221,Shadows Within 6,Action,1.1,1489
222,Urban Legends 8,Fantasy,2.9,3190
223,Wanderlust 6,Thriller,2.8,4655
224,Midnight Mirage 6,Fantasy,4.9,5342
225,Timebound 6,Animation,4.3,9157
226,Ocean's Whisper 4,Horror,4.5,4249
227,Crimson Horizon 8,Thriller,4.7,3612
228,Eternal Echoes 2,Romance,3.1,4433
229,Urban Legends 6,Comedy,2.2,9981
230,Ocean's Whisper 1,Horror,1.7,2335
231,Silent Storm 5,Romance,2.7,7713
232,Shadows Within 1,Sci-Fi,1.9,6452
233,Shadows Within 3,Animation,2.4,5101
234,Urban Legends 6,Fantasy,2.4,4839
235,Twilight Veil 6,Action,2.2,4589
236,Phantom Truth 7,Comedy,4.7,8205
237,Wanderlust 1,Horror,1.4,8947
238,Broken Circuit 10,Drama,3.7,2725
239,Neon Nights 7,Thriller,1.0,1063
240,Forgotten Realms 2,Comedy,4.4,3216
241,Neon Nights 8,Mystery,2.5,1018
242,Lunar Legacy 8,Animation,4.3,2444
243,Broken Circuit 5,Action,4.8,7201
244,Shadows Within 1,Documentary,4.8,9160
245,Shadows Within 6,Thriller,4.8,5820
246,Eternal Echoes 3,Fantasy,1.6,4025
247,Twilight Veil 8,Sci-Fi,2.5,8622
248,Shadows Within 10,Mystery,2.5,753
249,Broken Circuit 2,Mystery,4.6,3474
250,Wanderlust 7,Drama,3.7,8004
251,Eternal Echoes 6,Animation,4.8,2880
252,Timebound 5,Documentary,2.2,3017
253,Midnight Mirage 2,Action,4.0,5371
254,Crimson Horizon 7,Drama,1.8,6439
255,Wanderlust 4,Thriller,2.2,5336
256,Forgotten Realms 2,Animation,1.2,5629
257,Midnight Mirage 10,Documentary,2.5,4713
258,Crimson Horizon 3,Animation,1.2,4090
259,Ocean's Whisper 1,Horror,4.9,7188
260,Forgotten Realms 7,Mystery,1.1,4074
261,Midnight Mirage 7,Horror,1.8,2714
262,Forgotten Realms 2,Comedy,1.5,6162
263,Shadows Within 9,Thriller,2.2,2459
264,Lunar Legacy 5,Comedy,2.0,5366
265,Ocean's Whisper 3,Thriller,1.4,3227
266,Broken Circuit 6,Thriller,2.9,9440
267,Timebound 6,Documentary,3.3,8382
268,Ocean's Whisper 8,Drama,1.8,4276
269,Ocean's Whisper 8,Romance,2.6,5990
270,Broken Circuit 9,Romance,4.8,7597
271,Lunar Legacy 5,Animation,4.8,2067
272,Ocean's Whisper 7,Horror,4.4,2397
273,Neon Nights 3,Comedy,1.6,6564
274,Urban Legends 5,Horror,4.6,7952
275,Neon Nights 4,Romance,4.6,2388
276,Silent Storm 5,Fantasy,2.1,7847
277,Timebound 7,Fantasy,3.0,7349
278,Urban Legends 6,Mystery,2.3,5810
279,Urban Legends 8,Comedy,5.0,6011
280,Eternal Echoes 3,Thriller,4.5,6422
281,Shadows Within 7,Fantasy,2.0,558
282,Forgotten Realms 6,Fantasy,2.1,4975
283,Timebound 3,Romance,4.6,6648
284,Urban Legends 2,Fantasy,3.1,7047
285,Eternal Echoes 7,Horror,3.2,3062
286,Midnight Mirage 7,Drama,1.5,9797
287,Phantom Truth 3,Horror,1.0,8162
288,Lunar Legacy 9,Animation,4.9,1294
289,Crimson Horizon 5,Animation,2.4,8744
290,Eternal Echoes 2,Thriller,2.0,1198
291,Eternal Echoes 10,Thriller,4.4,8295
292,Crimson Horizon 8,Romance,5.0,3563
293,Wanderlust 5,Documentary,4.9,8134
294,Midnight Mirage 10,Horror,1.2,5403
295,Timebound 10,Fantasy,3.0,9614
296,Neon Nights 1,Documentary,1.3,3639
297,Ocean's Whisper 8,Mystery,2.1,470
298,Twilight Veil 3,Animation,3.1,1721
299,Silent Storm 5,Animation,2.6,6274
300,Phantom Truth 2,Drama,3.5,1436
301,Twilight Veil 4,Comedy,4.9,4165
302,Phantom Truth 2,Documentary,3.2,6683
303,Forgotten Realms 6,Fantasy,3.2,7380
304,Neon Nights 4,Mystery,4.6,6189
305,Silent Storm 2,Action,1.1,9018
306,Midnight Mirage 7,Mystery,2.8,7649
307,Silent Storm 1,Romance,1.1,7296
308,Midnight Mirage 10,Sci-Fi,4.4,2901
309,Timebound 4,Fantasy,3.3,6407
310,Broken Circuit 10,Animation,3.3,3722
311,Timebound 6,Sci-Fi,2.5,8912
312,Neon Nights 2,Thriller,1.5,2177
313,Twilight Veil 7,Thriller,3.6,4291
314,Shadows Within 7,Romance,3.9,5115
315,Crimson Horizon 7,Mystery,1.9,1857
316,Silent Storm 7,Romance,4.5,7345
317,Twilight Veil 4,Animation,4.6,1954
318,Shadows Within 8,Comedy,1.8,4137
319,Lunar Legacy 5,Mystery,1.7,7793
320,Eternal Echoes 3,Documentary,2.3,3870
321,Shadows Within 1,Mystery,2.8,672
322,Crimson Horizon 2,Sci-Fi,4.8,2677
323,Lunar Legacy 10,Documentary,1.0,7456
324,Neon Nights 8,Drama,1.9,8324
325,Wanderlust 8,Romance,1.8,5383
326,Urban Legends 6,Documentary,4.8,2232
327,Twilight Veil 5,Comedy,2.8,8414
328,Neon Nights 5,Horror,1.7,5849
329,Midnight Mirage 8,Mystery,2.8,7595
330,Urban Legends 8,Drama,4.2,2592
331,Lunar Legacy 8,Drama,4.7,7385
332,Midnight Mirage 9,Comedy,3.5,8172
333,Midnight Mirage 5,Documentary,3.8,7190
334,Forgotten Realms 8,Documentary,3.6,468
335,Shadows Within 3,Sci-Fi,4.9,8311
336,Lunar Legacy 4,Documentary,2.9,4334
337,Shadows Within 10,Action,3.4,7586
338,Shadows Within 8,Documentary,2.7,323
339,Urban Legends 5,Horror,4.7,1113
340,Twilight Veil 9,Horror,2.2,3503
341,Phantom Truth 8,Action,3.3,1861
342,Neon Nights 2,Romance,4.4,5804
343,Crimson Horizon 4,Sci-Fi,1.1,546
344,Crimson Horizon 2,Sci-Fi,4.3,4882
345,Twilight Veil 5,Thriller,1.2,2260
346,Eternal Echoes 6,Horror,2.7,2266
347,Urban Legends 8,Thriller,2.6,324
348,Ocean's Whisper 6,Sci-Fi,4.5,6922
349,Wanderlust 7,Horror,2.8,3566
350,Silent Storm 7,Sci-Fi,1.6,4749
351,Lunar Legacy 4,Animation,1.7,9480
352,Neon Nights 1,Animation,3.6,8818
353,Crimson Horizon 10,Sci-Fi,3.2,5706
354,Eternal Echoes 1,Thriller,1.9,6017
355,Wanderlust 10,Fantasy,3.7,7574
356,Lunar Legacy 3,Animation,3.4,341
357,Urban Legends 10,Romance,3.1,7496
358,Wanderlust 10,Documentary,3.2,9937
359,Crimson Horizon 1,Sci-Fi,1.7,3113
360,Forgotten Realms 1,Horror,4.0,271
361,Twilight Veil 4,Action,3.2,8373
362,Twilight Veil 3,Comedy,4.2,9477
363,Timebound 2,Mystery,2.2,3777
364,Crimson Horizon 10,Fantasy,2.1,6143
365,Wanderlust 5,Drama,4.2,6455
366,Shadows Within 1,Thriller,3.3,6444
367,Silent Storm 3,Fantasy,4.1,7975
368,Crimson Horizon 3,Sci-Fi,4.9,3494
369,Timebound 9,Documentary,4.0,697
370,Crimson Horizon 5,Fantasy,3.6,8497
371,Phantom Truth 4,Animation,4.1,1493
372,Silent Storm 3,Action,4.0,7885
373,Lunar Legacy 2,Mystery,4.2,5008
374,Shadows Within 6,Romance,4.4,3979
375,Forgotten Realms 7,Romance,1.5,1453
376,Silent Storm 5,Romance,2.9,2857
377,Urban Legends 2,Drama,2.4,1613
378,Broken Circuit 8,Documentary,3.3,157
379,Lunar Legacy 9,Comedy,2.4,1051
380,Urban Legends 2,Sci-Fi,4.5,5835
381,Twilight Veil 8,Animation,3.6,3658
382,Forgotten Realms 6,Documentary,4.7,9728
383,Forgotten Realms 6,Fantasy,2.7,7560
384,Wanderlust 3,Comedy,4.6,9174
385,Eternal Echoes 8,Action,1.2,9667
386,Urban Legends 2,Animation,2.2,93
387,Lunar Legacy 4,Documentary,4.3,3768
388,Broken Circuit 8,Comedy,1.3,9573
389,Wanderlust 5,Thriller,3.2,3561
390,Lunar Legacy 9,Fantasy,3.7,6711
391,Phantom Truth 2,Horror,4.9,9743
392,Forgotten Realms 1,Sci-Fi,4.0,781
393,Broken Circuit 3,Horror,2.1,6793
394,Shadows Within 4,Horror,1.8,9327
395,Twilight Veil 5,Mystery,3.2,9282
396,Broken Circuit 6,Thriller,1.0,9429
397,Timebound 1,Documentary,1.5,1419
398,Timebound 8,Fantasy,1.4,1500
399,Shadows Within 4,Mystery,2.8,8889
400,Neon Nights 6,Fantasy,2.5,4555
401,Timebound 9,Mystery,1.6,269
402,Ocean's Whisper 7,Horror,1.4,5276
403,Eternal Echoes 10,Thriller,4.2,4496
404,Twilight Veil 6,Action,3.0,9815
405,Midnight Mirage 5,Mystery,2.9,1675
406,Timebound 10,Sci-Fi,2.3,56
407,Shadows Within 7,Documentary,1.6,1296
408,Midnight Mirage 1,Thriller,4.8,9465
409,Crimson Horizon 5,Romance,4.5,9898
410,Silent Storm 5,Comedy,4.7,8226
411,Forgotten Realms 1,Documentary,4.2,4960
412,Ocean's Whisper 3,Romance,4.1,4147
413,Midnight Mirage 6,Drama,1.9,3086
414,Crimson Horizon 3,Documentary,4.1,3665
415,Midnight Mirage 3,Animation,3.6,9422
416,Twilight Veil 4,Drama,3.3,4406
417,Urban Legends 6,Drama,4.6,428
418,Broken Circuit 8,Documentary,4.6,1134
419,Twilight Veil 3,Animation,1.7,5763
420,Urban Legends 6,Horror,3.2,4228
421,Forgotten Realms 4,Mystery,2.5,2744
422,Neon Nights 8,Mystery,4.1,49
423,Silent Storm 6,Fantasy,1.5,6656
424,Urban Legends 10,Mystery,1.8,88
425,Ocean's Whisper 5,Drama,4.8,6022
426,Forgotten Realms 6,Comedy,1.1,1059
427,Shadows Within 2,Drama,4.4,2562
428,Forgotten Realms 8,Animation,1.9,9005
429,Midnight Mirage 5,Documentary,2.8,8315
430,Shadows Within 3,Drama,4.9,4440
431,Neon Nights 5,Documentary,3.7,191
432,Neon Nights 8,Mystery,2.8,1863
433,Lunar Legacy 10,Drama,2.6,5928
434,Ocean's Whisper 8,Sci-Fi,2.6,878
435,Crimson Horizon 10,Romance,1.0,8621
436,Twilight Veil 8,Drama,2.9,7036
437,Timebound 9,Mystery,2.9,2382
438,Phantom Truth 7,Sci-Fi,4.0,7647
439,Broken Circuit 1,Comedy,2.3,9727
440,Twilight Veil 9,Action,1.2,5416
441,Phantom Truth 6,Action,2.9,6139
442,Broken Circuit 3,Animation,3.3,201
443,Urban Legends 8,Action,1.6,1131
444,Shadows Within 10,Fantasy,1.5,2025
445,Forgotten Realms 8,Sci-Fi,4.2,698
446,Shadows Within 5,Romance,2.9,1366
447,Midnight Mirage 1,Documentary,4.5,1962
448,Silent Storm 5,Animation,4.9,5649
449,Shadows Within 9,Mystery,4.0,2035
450,Urban Legends 4,Action,2.3,3606
451,Twilight Veil 4,Horror,3.1,308
452,Forgotten Realms 3,Horror,2.3,4441
453,Shadows Within 6,Mystery,1.6,2377
454,Neon Nights 8,Sci-Fi,2.5,6008
455,Twilight Veil 2,Comedy,4.3,467
456,Ocean's Whisper 6,Thriller,4.2,3644
457,Forgotten Realms 10,Horror,5.0,101
458,Forgotten Realms 2,Sci-Fi,2.3,1892
459,Neon Nights 9,Romance,4.3,1372
460,Midnight Mirage 2,Documentary,4.4,8976
461,Broken Circuit 4,Drama,1.0,7385
462,Ocean's Whisper 6,Fantasy,3.3,7547
463,Crimson Horizon 2,Horror,2.0,2336
464,Wanderlust 4,Sci-Fi,2.0,3092
465,Broken Circuit 3,Thriller,3.3,3641
466,Wanderlust 3,Thriller,4.5,3463
467,Shadows Within 9,Drama,4.5,8879
468,Ocean's Whisper 1,Comedy,1.9,8792
469,Twilight Veil 8,Romance,4.7,3229
470,Urban Legends 9,Fantasy,4.4,7460
471,Crimson Horizon 5,Mystery,3.7,5217
472,Ocean's Whisper 9,Action,4.7,1786
473,Ocean's Whisper 3,Horror,5.0,169
474,Forgotten Realms 6,Documentary,2.8,4854
475,Urban Legends 9,Sci-Fi,3.7,6140
476,Twilight Veil 4,Drama,2.4,2976
477,Shadows Within 3,Horror,1.8,7772
478,Ocean's Whisper 5,Thriller,2.6,9994
479,Broken Circuit 8,Mystery,3.1,341
480,Neon Nights 9,Animation,1.0,4570
481,Silent Storm 7,Action,4.9,8026
482,Silent Storm 10,Action,1.6,5517
483,Eternal Echoes 5,Sci-Fi,1.1,7009
484,Broken Circuit 5,Sci-Fi,3.7,813
485,Crimson Horizon 3,Mystery,3.5,1700
486,Wanderlust 2,Animation,1.9,7643
487,Lunar Legacy 10,Mystery,1.0,7774
488,Neon Nights 5,Comedy,2.6,3230
489,Ocean's Whisper 7,Romance,4.9,65
490,Timebound 3,Romance,1.8,6344
491,Phantom Truth 3,Documentary,2.3,3047
492,Urban Legends 10,Romance,2.9,6684
493,Shadows Within 6,Sci-Fi,4.7,8907
494,Crimson Horizon 10,Animation,4.4,7901
495,Eternal Echoes 6,Drama,4.0,3350
496,Broken Circuit 2,Fantasy,1.9,2422
497,Wanderlust 5,Horror,1.9,9562
498,Twilight Veil 1,Romance,1.6,3077
499,Timebound 1,Drama,3.5,8999
500,Shadows Within 2,Romance,2.9,5778
501,Twilight Veil 1,Sci-Fi,1.7,7215
502,Silent Storm 1,Action,2.7,7779
503,Neon Nights 2,Mystery,2.0,1908
504,Midnight Mirage 7,Comedy,4.5,4428
505,Broken Circuit 9,Romance,1.7,8817
506,Crimson Horizon 7,Documentary,2.2,2853
507,Crimson Horizon 7,Mystery,3.6,348
508,Neon Nights 7,Sci-Fi,1.3,6507
509,Timebound 2,Horror,1.6,6149
510,Phantom Truth 10,Thriller,1.3,9214
511,Crimson Horizon 3,Romance,2.4,9682
512,Urban Legends 1,Fantasy,3.4,5255
513,Midnight Mirage 9,Fantasy,2.1,3402
514,Neon Nights 4,Documentary,3.3,6584
515,Neon Nights 10,Documentary,4.8,8103
516,Wanderlust 8,Horror,2.3,561
517,Urban Legends 8,Mystery,4.0,7569
518,Eternal Echoes 4,Fantasy,2.8,3922
519,Eternal Echoes 6,Sci-Fi,3.7,5684
520,Forgotten Realms 4,Thriller,1.6,7960
521,Crimson Horizon 10,Romance,3.5,370
522,Wanderlust 1,Mystery,2.4,7992
523,Timebound 4,Drama,3.7,995
524,Silent Storm 7,Mystery,1.4,4802
525,Forgotten Realms 6,Drama,4.5,4923
526,Urban Legends 7,Action,4.6,8978
527,Silent Storm 1,Mystery,4.9,6926
528,Broken Circuit 3,Animation,1.9,9947
529,Silent Storm 2,Horror,4.8,6225
530,Twilight Veil 7,Sci-Fi,5.0,4532
531,Wanderlust 7,Documentary,1.0,7935
532,Crimson Horizon 10,Documentary,3.5,249
533,Eternal Echoes 6,Animation,1.9,9857
534,Broken Circuit 3,Comedy,2.0,2556
535,Twilight Veil 7,Animation,3.9,2538
536,Shadows Within 10,Comedy,1.2,8049
537,Ocean's Whisper 8,Comedy,3.4,4044
538,Urban Legends 8,Romance,3.3,4972
539,Wanderlust 5,Sci-Fi,3.8,1125
540,Eternal Echoes 6,Drama,4.1,1942
541,Crimson Horizon 3,Animation,1.2,2461
542,Timebound 6,Sci-Fi,2.5,8220
543,Shadows Within 4,Fantasy,2.1,3909
544,Timebound 7,Mystery,1.3,1734
545,Midnight Mirage 1,Animation,2.8,7134
546,Timebound 1,Sci-Fi,3.0,6189
547,Ocean's Whisper 10,Mystery,3.5,4068
548,Urban Legends 1,Horror,3.9,7409
549,Shadows Within 6,Comedy,4.7,3395
550,Broken Circuit 7,Drama,2.2,424
551,Forgotten Realms 5,Animation,2.7,9705
552,Shadows Within 10,Animation,4.6,6899
553,Lunar Legacy 2,Thriller,4.2,5717
554,Eternal Echoes 7,Thriller,1.0,8742
555,Timebound 7,Mystery,2.4,7169
556,Shadows Within 8,Horror,2.4,3686
557,Eternal Echoes 10,Animation,3.7,1698
558,Forgotten Realms 6,Sci-Fi,3.4,3004
559,Broken Circuit 3,Horror,2.5,9383
560,Twilight Veil 7,Animation,2.5,161
561,Phantom Truth 6,Thriller,4.6,4867
562,Twilight Veil 1,Comedy,1.3,4442
563,Timebound 4,Fantasy,3.3,7127
564,Eternal Echoes 8,Comedy,4.4,9849
565,Silent Storm 3,Animation,1.1,7066
566,Broken Circuit 9,Action,2.5,1718
567,Forgotten Realms 10,Horror,3.2,2880
568,Ocean's Whisper 4,Mystery,2.0,3753
569,Twilight Veil 4,Mystery,2.3,7898
570,Midnight Mirage 3,Animation,2.3,8919
571,Phantom Truth 2,Documentary,4.6,6084
572,Neon Nights 2,Mystery,2.7,1412
573,Wanderlust 10,Comedy,4.8,9499
574,Urban Legends 10,Sci-Fi,2.2,3306
575,Eternal Echoes 10,Sci-Fi,4.9,5915
576,Silent Storm 9,Action,4.6,3610
577,Crimson Horizon 8,Horror,1.9,5611
578,Ocean's Whisper 1,Romance,4.5,4234
579,Phantom Truth 9,Thriller,3.4,7853
580,Timebound 8,Action,1.9,6849
581,Midnight Mirage 9,Sci-Fi,4.4,8630
582,Forgotten Realms 9,Comedy,1.8,889
583,Broken Circuit 9,Romance,3.5,4441
584,Phantom Truth 3,Thriller,1.6,2669
585,Eternal Echoes 9,Mystery,4.5,3427
586,Midnight Mirage 3,Sci-Fi,1.6,3269
587,Urban Legends 8,Sci-Fi,2.1,2243
588,Phantom Truth 10,Thriller,3.3,1543
589,Lunar Legacy 2,Animation,2.2,8614
590,Lunar Legacy 5,Comedy,3.9,6113
591,Forgotten Realms 10,Sci-Fi,2.2,2793
592,Twilight Veil 6,Comedy,1.3,8433
593,Silent Storm 4,Mystery,1.6,2082
594,Wanderlust 4,Horror,2.6,573
595,Broken Circuit 2,Comedy,3.1,4244
596,Timebound 3,Romance,1.9,9495
597,Shadows Within 4,Mystery,4.7,8360
598,Lunar Legacy 1,Romance,3.4,3098
599,Ocean's Whisper 7,Drama,4.4,4617
600,Midnight Mirage 4,Animation,1.5,8152
601,Lunar Legacy 4,Animation,3.7,7509
602,Phantom Truth 4,Horror,3.9,3261
603,Urban Legends 10,Horror,3.3,8721
604,Phantom Truth 5,Sci-Fi,3.6,9257
605,Timebound 6,Fantasy,1.9,4908
606,Wanderlust 10,Fantasy,4.3,3080
607,Neon Nights 1,Sci-Fi,2.7,1563
608,Urban Legends 9,Animation,2.8,5724
609,Wanderlust 8,Thriller,1.4,8727
610,Broken Circuit 5,Animation,2.1,4970
611,Midnight Mirage 1,Animation,2.4,2096
612,Lunar Legacy 5,Romance,4.7,6166
613,Silent Storm 10,Drama,2.4,3860
614,Ocean's Whisper 5,Documentary,2.7,3725
615,Eternal Echoes 10,Mystery,4.4,3537
616,Lunar Legacy 8,Drama,3.1,1566
617,Silent Storm 2,Documentary,3.4,1913
618,Ocean's Whisper 9,Thriller,4.7,3934
619,Timebound 7,Documentary,2.0,7140
620,Midnight Mirage 9,Romance,2.8,8589
621,Eternal Echoes 7,Drama,4.0,2616
622,Forgotten Realms 5,Mystery,2.7,4052
623,Forgotten Realms 2,Comedy,1.4,3536
624,Urban Legends 6,Action,3.8,945
625,Shadows Within 8,Drama,2.3,8229
626,Silent Storm 3,Documentary,1.0,1222
627,Midnight Mirage 2,Documentary,3.2,4299
628,Crimson Horizon 4,Documentary,4.4,8532
629,Lunar Legacy 5,Mystery,1.6,4502
630,Neon Nights 7,Romance,3.7,7965
631,Silent Storm 3,Comedy,4.3,7724
632,Midnight Mirage 9,Sci-Fi,4.0,1462
633,Midnight Mirage 1,Romance,2.8,9763
634,Twilight Veil 1,Documentary,2.1,3264
635,Shadows Within 5,Comedy,4.4,2609
636,Forgotten Realms 7,Horror,4.5,1222
637,Neon Nights 6,Mystery,4.9,9314
638,Silent Storm 6,Animation,2.7,200
639,Crimson Horizon 9,Romance,3.0,4066
640,Ocean's Whisper 7,Comedy,3.9,2188
641,Neon Nights 5,Drama,4.8,2656
642,Midnight Mirage 2,Documentary,4.8,5387
643,Timebound 5,Mystery,1.7,5415
644,Urban Legends 1,Comedy,2.4,875
645,Neon Nights 8,Drama,4.9,9227
646,Shadows Within 7,Horror,3.8,3372
647,Shadows Within 10,Fantasy,4.0,8821
648,Phantom Truth 1,Documentary,1.7,2327
649,Neon Nights 10,Horror,1.1,6239
650,Silent Storm 1,Action,5.0,9181
651,Phantom Truth 10,Romance,2.0,7576
652,Forgotten Realms 8,Mystery,4.8,4919
653,Shadows Within 6,Fantasy,1.2,9063
654,Eternal Echoes 2,Romance,4.7,1029
655,Wanderlust 2,Action,3.8,495
656,Ocean's Whisper 7,Sci-Fi,3.6,4002
657,Broken Circuit 5,Animation,2.1,5328
658,Phantom Truth 10,Fantasy,3.0,1345
659,Broken Circuit 7,Thriller,4.2,6290
660,Broken Circuit 4,Comedy,1.1,5566
661,Midnight Mirage 8,Fantasy,2.3,5322
662,Twilight Veil 4,Documentary,4.9,1132
663,Shadows Within 3,Drama,1.6,4208
664,Lunar Legacy 4,Horror,2.8,611
665,Urban Legends 4,Thriller,4.6,1344
666,Midnight Mirage 9,Sci-Fi,4.6,9535
667,Phantom Truth 5,Action,3.8,3788
668,Wanderlust 10,Mystery,3.6,816
669,Forgotten Realms 10,Thriller,2.4,4841
670,Lunar Legacy 7,Animation,1.6,1227
671,Silent Storm 6,Thriller,4.9,9223
672,Twilight Veil 4,Documentary,2.0,8172
673,Twilight Veil 8,Sci-Fi,1.2,917
674,Forgotten Realms 9,Sci-Fi,2.7,6833
675,Urban Legends 5,Mystery,1.4,9399
676,Ocean's Whisper 4,Thriller,4.9,9818
677,Forgotten Realms 1,Mystery,2.9,5023
678,Eternal Echoes 5,Horror,2.2,7186
679,Shadows Within 6,Animation,2.8,8651
680,Crimson Horizon 5,Sci-Fi,4.1,5323
681,Wanderlust 6,Horror,4.8,8470
682,Lunar Legacy 7,Comedy,3.1,3438
683,Phantom Truth 3,Documentary,2.6,7394
684,Timebound 9,Mystery,1.4,2954
685,Broken Circuit 3,Action,4.5,9024
686,Ocean's Whisper 10,Thriller,4.6,7440
687,Crimson Horizon 10,Documentary,4.9,4009
688,Twilight Veil 6,Drama,4.7,5528
689,Broken Circuit 8,Documentary,1.2,2467
690,Shadows Within 9,Romance,2.7,4500
691,Neon Nights 5,Romance,4.1,6961
692,Midnight Mirage 8,Animation,3.6,7865
693,Forgotten Realms 1,Mystery,4.8,5200
694,Crimson Horizon 7,Animation,1.7,3154
695,Crimson Horizon 5,Action,2.2,1820
696,Broken Circuit 1,Thriller,2.7,5841
697,Lunar Legacy 9,Action,3.9,3650
698,Neon Nights 9,Documentary,2.3,8204
699,Ocean's Whisper 1,Mystery,4.0,287
700,Shadows Within 7,Documentary,1.1,7174
701,Midnight Mirage 1,Documentary,4.8,1845
702,Neon Nights 10,Mystery,1.7,4292
703,Forgotten Realms 1,Horror,2.1,7378
704,Forgotten Realms 2,Comedy,3.7,9534
705,Midnight Mirage 9,Comedy,1.7,2535
706,Ocean's Whisper 8,Thriller,1.6,5222
707,Midnight Mirage 4,Mystery,2.1,7922
708,Crimson Horizon 8,Comedy,1.3,5948
709,Midnight Mirage 1,Drama,2.1,5551
710,Shadows Within 7,Comedy,2.6,1590
711,Neon Nights 3,Documentary,1.0,8223
712,Forgotten Realms 4,Horror,2.0,3432
713,Wanderlust 9,Animation,1.2,4534
714,Wanderlust 3,Horror,2.0,2427
715,Midnight Mirage 2,Drama,3.6,4781
716,Forgotten Realms 3,Romance,1.3,60
717,Eternal Echoes 1,Thriller,4.1,1155
718,Forgotten Realms 3,Sci-Fi,1.9,5487
719,Midnight Mirage 7,Sci-Fi,3.0,468
720,Silent Storm 6,Documentary,3.8,4166
721,Timebound 1,Fantasy,1.7,165
722,Ocean's Whisper 4,Horror,2.1,7946
723,Urban Legends 6,Sci-Fi,4.4,4967
724,Ocean's Whisper 7,Documentary,4.7,4086
725,Eternal Echoes 9,Drama,4.5,6633
726,Crimson Horizon 10,Comedy,2.1,3645
727,Urban Legends 10,Mystery,1.3,77
728,Silent Storm 5,Sci-Fi,2.6,3440
729,Phantom Truth 4,Romance,4.5,1892
730,Shadows Within 5,Animation,4.6,1854
731,Broken Circuit 9,Romance,4.3,90
732,Shadows Within 7,Fantasy,3.5,6081
733,Twilight Veil 1,Comedy,2.8,3813
734,Midnight Mirage 4,Romance,4.0,5272
735,Phantom Truth 1,Action,2.7,4079
736,Timebound 6,Romance,4.3,1165
737,Phantom Truth 1,Romance,1.9,4767
738,Timebound 2,Thriller,4.9,1444
739,Crimson Horizon 5,Fantasy,1.9,4912
740,Silent Storm 5,Fantasy,4.6,2762
741,Phantom Truth 5,Documentary,2.1,2101
742,Twilight Veil 5,Fantasy,3.2,3739
743,Midnight Mirage 2,Action,2.8,5600
744,Forgotten Realms 6,Fantasy,1.0,3371
745,Shadows Within 10,Comedy,3.3,2658
746,Phantom Truth 5,Comedy,3.3,9629
747,Midnight Mirage 8,Sci-Fi,2.7,4423
748,Neon Nights 9,Romance,2.8,8540
749,Shadows Within 3,Fantasy,3.8,7420
750,Phantom Truth 7,Drama,2.4,4247
751,Wanderlust 3,Drama,4.8,97
752,Silent Storm 7,Mystery,3.3,3353
753,Urban Legends 6,Thriller,3.6,1385
754,Neon Nights 7,Comedy,2.9,4716
755,Neon Nights 4,Animation,1.8,6384
756,Timebound 1,Fantasy,1.9,2430
757,Timebound 4,Thriller,2.3,2118
758,Ocean's Whisper 1,Fantasy,2.4,4978
759,Shadows Within 3,Documentary,2.0,2524
760,Forgotten Realms 7,Drama,4.7,2548
761,Broken Circuit 3,Animation,3.8,8523
762,Forgotten Realms 3,Comedy,3.4,7401
763,Urban Legends 3,Comedy,3.4,7839
764,Timebound 9,Action,4.1,8332
765,Urban Legends 10,Horror,4.9,5137
766,Crimson Horizon 8,Romance,1.5,1123
767,Crimson Horizon 7,Action,4.0,7869
768,Urban Legends 9,Fantasy,1.5,5282
769,Neon Nights 7,Horror,1.9,7309
770,Neon Nights 2,Romance,1.1,3588
771,Eternal Echoes 3,Drama,3.3,6725
772,Twilight Veil 2,Horror,1.6,5524
773,Phantom Truth 1,Animation,2.3,2824
774,Midnight Mirage 10,Drama,2.1,6469
775,Silent Storm 9,Action,4.5,7018
776,Phantom Truth 3,Animation,4.5,3677
777,Silent Storm 6,Comedy,4.2,1947
778,Shadows Within 5,Thriller,4.5,874
779,Shadows Within 7,Drama,3.6,208
780,Timebound 10,Romance,3.6,4980
781,Eternal Echoes 9,Romance,3.6,7700
782,Midnight Mirage 2,Comedy,4.4,3964
783,Urban Legends 7,Drama,2.5,8625
784,Twilight Veil 9,Action,2.8,8105
785,Ocean's Whisper 4,Action,3.6,6730
786,Twilight Veil 6,Comedy,4.6,3646
787,Lunar Legacy 4,Mystery,1.7,5514
788,Ocean's Whisper 1,Drama,4.7,1711
789,Eternal Echoes 6,Fantasy,2.5,8139
790,Phantom Truth 1,Romance,1.9,421
791,Timebound 9,Fantasy,4.4,4148
792,Silent Storm 7,Mystery,4.2,4667
793,Urban Legends 6,Documentary,3.3,6853
794,Urban Legends 2,Sci-Fi,3.9,1588
795,Forgotten Realms 4,Action,4.1,2566
796,Timebound 2,Drama,2.0,2862
797,Crimson Horizon 4,Mystery,3.3,7823
798,Twilight Veil 10,Horror,2.7,8140
799,Twilight Veil 10,Fantasy,2.2,4710
800,Crimson Horizon 7,Fantasy,2.9,3368
801,Midnight Mirage 8,Drama,3.6,3307
802,Midnight Mirage 2,Documentary,3.9,4857
803,Eternal Echoes 3,Animation,1.5,2670
804,Lunar Legacy 2,Documentary,2.4,5061
805,Eternal Echoes 4,Horror,2.0,5486
806,Wanderlust 3,Comedy,5.0,7881
807,Phantom Truth 3,Action,1.8,9666
808,Crimson Horizon 4,Documentary,4.8,1630
809,Broken Circuit 6,Fantasy,4.2,2547
810,Wanderlust 5,Animation,4.4,4881
811,Silent Storm 6,Action,2.3,6229
812,Phantom Truth 10,Horror,2.0,8865
813,Wanderlust 4,Comedy,2.0,311
814,Urban Legends 2,Documentary,3.4,7045
815,Shadows Within 10,Action,1.2,7965
816,Neon Nights 3,Thriller,4.8,5618
817,Phantom Truth 4,Fantasy,2.4,4488
818,Phantom Truth 8,Fantasy,2.1,4522
819,Twilight Veil 4,Sci-Fi,3.8,400
820,Phantom Truth 1,Thriller,1.6,472
821,Silent Storm 3,Action,3.8,8063
822,Wanderlust 2,Romance,2.8,2722
823,Ocean's Whisper 7,Drama,2.9,341
824,Midnight Mirage 9,Comedy,4.2,5366
825,Twilight Veil 8,Mystery,1.3,2308
826,Wanderlust 2,Animation,4.8,1857
827,Twilight Veil 3,Action,2.1,9118
828,Urban Legends 10,Mystery,1.6,3434
829,Silent Storm 3,Thriller,2.3,5660
830,Phantom Truth 10,Romance,4.4,1881
831,Eternal Echoes 1,Fantasy,1.2,8027
832,Forgotten Realms 7,Fantasy,4.5,7917
833,Wanderlust 6,Thriller,1.1,2410
834,Shadows Within 3,Animation,1.5,2078
835,Silent Storm 5,Mystery,3.2,3545
836,Twilight Veil 8,Sci-Fi,2.0,5150
837,Urban Legends 7,Thriller,2.4,9463
838,Midnight Mirage 8,Drama,1.9,4062
839,Forgotten Realms 4,Sci-Fi,1.6,8901
840,Neon Nights 4,Animation,3.3,2630
841,Neon Nights 3,Animation,3.2,8418
842,Wanderlust 2,Action,2.0,7239
843,Broken Circuit 5,Comedy,1.2,1844
844,Phantom Truth 10,Documentary,4.8,3160
845,Eternal Echoes 4,Thriller,4.9,9700
846,Twilight Veil 6,Thriller,1.2,2884
847,Midnight Mirage 1,Documentary,3.7,2584
848,Eternal Echoes 7,Animation,3.5,2636
849,Shadows Within 7,Action,4.3,5697
850,Lunar Legacy 10,Documentary,3.3,8734
851,Twilight Veil 2,Romance,4.9,6110
852,Ocean's Whisper 9,Mystery,4.7,952
853,Wanderlust 4,Thriller,4.0,3237
854,Timebound 8,Drama,3.1,5837
855,Wanderlust 3,Romance,1.6,94
856,Broken Circuit 4,Comedy,4.5,9017
857,Wanderlust 5,Documentary,4.2,2741
858,Crimson Horizon 5,Documentary,2.2,7032
859,Broken Circuit 6,Mystery,3.6,125
860,Midnight Mirage 4,Mystery,3.1,5673
861,Wanderlust 6,Horror,1.4,9627
862,Wanderlust 7,Thriller,2.3,9327
863,Shadows Within 2,Sci-Fi,1.3,7662
864,Wanderlust 8,Thriller,2.5,5173
865,Midnight Mirage 1,Drama,2.9,2414
866,Crimson Horizon 7,Mystery,2.2,1742
867,Timebound 6,Mystery,2.1,8118
868,Urban Legends 5,Fantasy,1.5,1614
869,Eternal Echoes 6,Horror,3.8,9585
870,Timebound 10,Drama,2.0,7198
871,Eternal Echoes 3,Drama,2.9,9547
872,Forgotten Realms 1,Thriller,3.3,5285
873,Ocean's Whisper 7,Mystery,1.5,8459
874,Eternal Echoes 6,Mystery,3.1,9280
875,Timebound 6,Horror,3.3,7990
876,Broken Circuit 7,Horror,1.6,3202
877,Urban Legends 8,Sci-Fi,1.2,6076
878,Shadows Within 4,Thriller,3.0,2683
879,Wanderlust 8,Thriller,4.7,4465
880,Shadows Within 7,Sci-Fi,4.0,3636
881,Crimson Horizon 6,Animation,2.3,9143
882,Timebound 2,Action,1.0,5342
883,Lunar Legacy 10,Horror,1.0,3000
884,Wanderlust 6,Animation,2.6,7522
885,Midnight Mirage 5,Romance,3.8,3941
886,Wanderlust 1,Action,3.7,9095
887,Urban Legends 7,Horror,2.9,4092
888,Phantom Truth 7,Comedy,2.4,6264
889,Crimson Horizon 10,Documentary,2.8,1945
890,Shadows Within 1,Action,2.4,1444
891,Phantom Truth 9,Drama,2.3,4061
892,Wanderlust 10,Fantasy,4.2,9008
893,Timebound 8,Comedy,1.5,2860
894,Broken Circuit 1,Documentary,2.3,4531
895,Shadows Within 3,Documentary,2.9,8109
896,Crimson Horizon 4,Horror,2.1,2866
897,Silent Storm 7,Drama,2.2,3563
898,Phantom Truth 8,Sci-Fi,2.5,8446
899,Crimson Horizon 8,Sci-Fi,5.0,5239
900,Eternal Echoes 2,Thriller,3.6,509
901,Shadows Within 2,Mystery,4.4,6394
902,Crimson Horizon 1,Fantasy,2.1,1367
903,Wanderlust 5,Mystery,3.3,4279
904,Silent Storm 8,Action,1.8,9904
905,Urban Legends 1,Mystery,3.6,7572
906,Twilight Veil 8,Fantasy,1.8,136
907,Eternal Echoes 6,Drama,1.6,5440
908,Broken Circuit 7,Horror,2.8,4348
909,Crimson Horizon 6,Thriller,3.0,5083
910,Twilight Veil 3,Horror,4.3,660
911,Timebound 2,Drama,2.6,3738
912,Midnight Mirage 5,Thriller,2.2,4016
913,Wanderlust 10,Drama,4.2,1276
914,Phantom Truth 2,Romance,4.4,3618
915,Wanderlust 7,Drama,1.3,2819
916,Phantom Truth 8,Animation,4.3,7330
917,Neon Nights 5,Horror,3.2,5459
918,Shadows Within 8,Horror,4.2,9199
919,Broken Circuit 7,Mystery,2.4,7278
920,Silent Storm 4,Action,3.3,6550
921,Urban Legends 10,Thriller,2.0,7182
922,Timebound 9,Documentary,1.9,7873
923,Urban Legends 10,Thriller,3.1,9264
924,Twilight Veil 2,Animation,1.0,924
925,Ocean's Whisper 4,Comedy,4.5,2552
926,Midnight Mirage 4,Comedy,4.3,6005
927,Urban Legends 5,Horror,4.4,4664
928,Shadows Within 6,Drama,4.7,214
929,Ocean's Whisper 1,Documentary,1.2,6907
930,Wanderlust 4,Drama,4.5,2477
931,Twilight Veil 2,Horror,4.3,123
932,Lunar Legacy 10,Action,2.7,2248
933,Shadows Within 2,Fantasy,4.1,533
934,Forgotten Realms 3,Drama,2.6,8817
935,Twilight Veil 3,Sci-Fi,1.4,8682
936,Forgotten Realms 8,Action,4.9,1456
937,Wanderlust 9,Documentary,2.8,6127
938,Neon Nights 10,Horror,2.4,4585
939,Phantom Truth 7,Mystery,1.7,5887
940,Eternal Echoes 10,Action,4.3,3941
941,Neon Nights 5,Mystery,4.9,3416
942,Broken Circuit 10,Romance,4.2,5303
943,Neon Nights 10,Mystery,3.1,344
944,Midnight Mirage 1,Sci-Fi,2.0,7063
945,Broken Circuit 9,Documentary,1.9,7858
946,Neon Nights 5,Sci-Fi,4.4,7145
947,Broken Circuit 10,Mystery,1.9,3124
948,Timebound 10,Thriller,3.5,1710
949,Urban Legends 10,Romance,3.1,6175
950,Eternal Echoes 1,Thriller,1.4,6511
951,Neon Nights 10,Romance,3.8,3772
952,Forgotten Realms 2,Romance,1.4,2511
953,Wanderlust 8,Thriller,4.3,961
954,Lunar Legacy 4,Animation,3.6,3742
955,Twilight Veil 8,Romance,2.9,7467
956,Ocean's Whisper 4,Comedy,4.9,1180
957,Wanderlust 2,Thriller,4.3,2211
958,Midnight Mirage 7,Fantasy,4.9,479
959,Silent Storm 2,Romance,4.6,653
960,Lunar Legacy 7,Drama,3.7,4459
961,Silent Storm 10,Thriller,4.2,6537
962,Silent Storm 4,Sci-Fi,4.3,6060
963,Wanderlust 6,Horror,4.8,4081
964,Phantom Truth 3,Animation,4.7,2284
965,Broken Circuit 8,Comedy,2.7,4737
966,Timebound 7,Mystery,2.1,4344
967,Twilight Veil 8,Documentary,4.1,9314
968,Neon Nights 1,Mystery,1.9,2765
969,Silent Storm 8,Drama,4.8,9188
970,Neon Nights 5,Comedy,4.0,3863
971,Shadows Within 7,Animation,1.3,5631
972,Lunar Legacy 5,Comedy,4.2,5540
973,Lunar Legacy 1,Fantasy,1.8,9285
974,Forgotten Realms 3,Sci-Fi,3.9,5043
975,Timebound 8,Romance,4.7,863
976,Broken Circuit 8,Thriller,3.5,4107
977,Silent Storm 9,Documentary,1.1,3069
978,Phantom Truth 2,Animation,5.0,7268
979,Timebound 4,Drama,3.0,8675
980,Phantom Truth 8,Comedy,4.9,5487
981,Timebound 8,Action,3.3,7963
982,Lunar Legacy 10,Animation,4.1,4358
983,Twilight Veil 1,Horror,1.2,8425
984,Wanderlust 4,Horror,4.5,6893
985,Crimson Horizon 9,Documentary,4.3,2573
986,Forgotten Realms 4,Drama,1.5,8290
987,Silent Storm 4,Comedy,2.3,5647
988,Wanderlust 5,Documentary,2.9,7575
989,Ocean's Whisper 2,Horror,4.3,6819
990,Crimson Horizon 8,Mystery,1.2,8788
991,Midnight Mirage 6,Comedy,4.2,9206
992,Broken Circuit 2,Thriller,4.7,8697
993,Twilight Veil 5,Drama,1.5,7655
994,Forgotten Realms 9,Action,4.2,7585
995,Timebound 1,Romance,1.0,3005
996,Shadows Within 7,Animation,2.3,8663
997,Wanderlust 3,Action,4.4,2975
998,Eternal Echoes 1,Thriller,1.1,5994
999,Urban Legends 8,Fantasy,3.1,8155
1000,Ocean's Whisper 3,Animation,4.0,4261
